state,Cost of Living,Job Type,avg_income,Net_Income,Percentage_Income_Leftover
ALASKA,40437.79,Arts and Media,54376,13938.21,26
ALASKA,40437.79,Business and Financial,77732,37294.21,48
ALASKA,40437.79,Construction,71167,30729.21,43
ALASKA,40437.79,Education,63360,22922.21,36
ALASKA,40437.79,Engineering,98655,58217.21,59
ALASKA,40437.79,Farming and Forestry,45046,4608.21,10
ALASKA,40437.79,Food Service,37914,-2523.79,-7
ALASKA,40437.79,Healthcare Practitioners,74456,34018.21,46
ALASKA,40437.79,Healthcare Support,47329,6891.21,15
ALASKA,40437.79,Installation and Repair,66916,26478.21,40
ALASKA,40437.79,Legal Occupations,112598,72160.21,64
ALASKA,40437.79,Maintenance and Cleaning,39473,-964.79,-2
ALASKA,40437.79,Management,106418,65980.21,62
ALASKA,40437.79,Office and Administrative,48349,7911.21,16
ALASKA,40437.79,Personal Care and Service,39554,-883.79,-2
ALASKA,40437.79,Production Occupations,59197,18759.21,32
ALASKA,40437.79,Protective Services,49769,9331.21,19
ALASKA,40437.79,Sales,50620,10182.21,20
ALASKA,40437.79,Scientific Research,85885,45447.21,53
ALASKA,40437.79,Social Services,56648,16210.21,29
ALASKA,40437.79,Technology and Mathematics,92021,51583.21,56
ALASKA,40437.79,Transportation and Moving,54049,13611.21,25
ALABAMA,35533.21,Arts and Media,47961,12427.79,26
ALABAMA,35533.21,Business and Financial,63350,27816.79,44
ALABAMA,35533.21,Construction,49776,14242.79,29
ALABAMA,35533.21,Education,47114,11580.79,25
ALABAMA,35533.21,Engineering,87363,51829.79,59
ALABAMA,35533.21,Farming and Forestry,37611,2077.79,6
ALABAMA,35533.21,Food Service,27461,-8072.21,-29
ALABAMA,35533.21,Healthcare Practitioners,55563,20029.79,36
ALABAMA,35533.21,Healthcare Support,32447,-3086.21,-10
ALABAMA,35533.21,Installation and Repair,51649,16115.79,31
ALABAMA,35533.21,Legal Occupations,84480,48946.79,58
ALABAMA,35533.21,Maintenance and Cleaning,31081,-4452.21,-14
ALABAMA,35533.21,Management,100643,65109.79,65
ALABAMA,35533.21,Office and Administrative,37908,2374.79,6
ALABAMA,35533.21,Personal Care and Service,28638,-6895.21,-24
ALABAMA,35533.21,Production Occupations,42994,7460.79,17
ALABAMA,35533.21,Protective Services,38013,2479.79,7
ALABAMA,35533.21,Sales,52012,16478.79,32
ALABAMA,35533.21,Scientific Research,66895,31361.79,47
ALABAMA,35533.21,Social Services,46748,11214.79,24
ALABAMA,35533.21,Technology and Mathematics,77646,42112.79,54
ALABAMA,35533.21,Transportation and Moving,38476,2942.79,8
ARKANSAS,33428.47,Arts and Media,42781,9352.53,22
ARKANSAS,33428.47,Business and Financial,58895,25466.53,43
ARKANSAS,33428.47,Construction,48203,14774.53,31
ARKANSAS,33428.47,Education,44555,11126.53,25
ARKANSAS,33428.47,Engineering,72046,38617.53,54
ARKANSAS,33428.47,Farming and Forestry,35700,2271.53,6
ARKANSAS,33428.47,Food Service,29066,-4362.47,-15
ARKANSAS,33428.47,Healthcare Practitioners,60899,27470.53,45
ARKANSAS,33428.47,Healthcare Support,32530,-898.47,-3
ARKANSAS,33428.47,Installation and Repair,47766,14337.53,30
ARKANSAS,33428.47,Legal Occupations,92838,59409.53,64
ARKANSAS,33428.47,Maintenance and Cleaning,31819,-1609.47,-5
ARKANSAS,33428.47,Management,79854,46425.53,58
ARKANSAS,33428.47,Office and Administrative,37652,4223.53,11
ARKANSAS,33428.47,Personal Care and Service,29597,-3831.47,-13
ARKANSAS,33428.47,Production Occupations,41157,7728.53,19
ARKANSAS,33428.47,Protective Services,35247,1818.53,5
ARKANSAS,33428.47,Sales,48515,15086.53,31
ARKANSAS,33428.47,Scientific Research,64684,31255.53,48
ARKANSAS,33428.47,Social Services,45705,12276.53,27
ARKANSAS,33428.47,Technology and Mathematics,68242,34813.53,51
ARKANSAS,33428.47,Transportation and Moving,38141,4712.53,12
ARIZONA,38124.82,Arts and Media,56246,18121.18,32
ARIZONA,38124.82,Business and Financial,70158,32033.18,46
ARIZONA,38124.82,Construction,56131,18006.18,32
ARIZONA,38124.82,Education,52414,14289.18,27
ARIZONA,38124.82,Engineering,84008,45883.18,55
ARIZONA,38124.82,Farming and Forestry,37923,-201.82,-1
ARIZONA,38124.82,Food Service,35602,-2522.82,-7
ARIZONA,38124.82,Healthcare Practitioners,70435,32310.18,46
ARIZONA,38124.82,Healthcare Support,41634,3509.18,8
ARIZONA,38124.82,Installation and Repair,53898,15773.18,29
ARIZONA,38124.82,Legal Occupations,117818,79693.18,68
ARIZONA,38124.82,Maintenance and Cleaning,36263,-1861.82,-5
ARIZONA,38124.82,Management,103705,65580.18,63
ARIZONA,38124.82,Office and Administrative,44125,6000.18,14
ARIZONA,38124.82,Personal Care and Service,35789,-2335.82,-7
ARIZONA,38124.82,Production Occupations,44697,6572.18,15
ARIZONA,38124.82,Protective Services,43030,4905.18,11
ARIZONA,38124.82,Sales,56533,18408.18,33
ARIZONA,38124.82,Scientific Research,74189,36064.18,49
ARIZONA,38124.82,Social Services,53177,15052.18,28
ARIZONA,38124.82,Technology and Mathematics,84249,46124.18,55
ARIZONA,38124.82,Transportation and Moving,42699,4574.18,11
CALIFORNIA,47925.75,Arts and Media,72404,24478.25,34
CALIFORNIA,47925.75,Business and Financial,81923,33997.25,41
CALIFORNIA,47925.75,Construction,67398,19472.25,29
CALIFORNIA,47925.75,Education,65605,17679.25,27
CALIFORNIA,47925.75,Engineering,102756,54830.25,53
CALIFORNIA,47925.75,Farming and Forestry,44113,-3812.75,-9
CALIFORNIA,47925.75,Food Service,42025,-5900.75,-14
CALIFORNIA,47925.75,Healthcare Practitioners,82760,34834.25,42
CALIFORNIA,47925.75,Healthcare Support,45048,-2877.75,-6
CALIFORNIA,47925.75,Installation and Repair,62221,14295.25,23
CALIFORNIA,47925.75,Legal Occupations,154438,106512.25,69
CALIFORNIA,47925.75,Maintenance and Cleaning,41138,-6787.75,-16
CALIFORNIA,47925.75,Management,126619,78693.25,62
CALIFORNIA,47925.75,Office and Administrative,50510,2584.25,5
CALIFORNIA,47925.75,Personal Care and Service,43172,-4753.75,-11
CALIFORNIA,47925.75,Production Occupations,53105,5179.25,10
CALIFORNIA,47925.75,Protective Services,52852,4926.25,9
CALIFORNIA,47925.75,Sales,68208,20282.25,30
CALIFORNIA,47925.75,Scientific Research,86413,38487.25,45
CALIFORNIA,47925.75,Social Services,65792,17866.25,27
CALIFORNIA,47925.75,Technology and Mathematics,98734,50808.25,51
CALIFORNIA,47925.75,Transportation and Moving,47871,-54.75,0
COLORADO,40497.38,Arts and Media,64998,24500.62,38
COLORADO,40497.38,Business and Financial,75879,35381.62,47
COLORADO,40497.38,Construction,61762,21264.62,34
COLORADO,40497.38,Education,54631,14133.62,26
COLORADO,40497.38,Engineering,93624,53126.62,57
COLORADO,40497.38,Farming and Forestry,44149,3651.62,8
COLORADO,40497.38,Food Service,42272,1774.62,4
COLORADO,40497.38,Healthcare Practitioners,76778,36280.62,47
COLORADO,40497.38,Healthcare Support,43670,3172.62,7
COLORADO,40497.38,Installation and Repair,59784,19286.62,32
COLORADO,40497.38,Legal Occupations,133826,93328.62,70
COLORADO,40497.38,Maintenance and Cleaning,39922,-575.38,-1
COLORADO,40497.38,Management,128632,88134.62,69
COLORADO,40497.38,Office and Administrative,47633,7135.62,15
COLORADO,40497.38,Personal Care and Service,42117,1619.62,4
COLORADO,40497.38,Production Occupations,51257,10759.62,21
COLORADO,40497.38,Protective Services,49615,9117.62,18
COLORADO,40497.38,Sales,66236,25738.62,39
COLORADO,40497.38,Scientific Research,87070,46572.62,53
COLORADO,40497.38,Social Services,55902,15404.62,28
COLORADO,40497.38,Technology and Mathematics,96304,55806.62,58
COLORADO,40497.38,Transportation and Moving,47309,6811.62,14
CONNECTICUT,42673.05,Arts and Media,68195,25521.95,37
CONNECTICUT,42673.05,Business and Financial,76040,33366.95,44
CONNECTICUT,42673.05,Construction,66245,23571.95,36
CONNECTICUT,42673.05,Education,56862,14188.95,25
CONNECTICUT,42673.05,Engineering,94098,51424.95,55
CONNECTICUT,42673.05,Farming and Forestry,41341,-1332.05,-3
CONNECTICUT,42673.05,Food Service,38408,-4265.05,-11
CONNECTICUT,42673.05,Healthcare Practitioners,82264,39590.95,48
CONNECTICUT,42673.05,Healthcare Support,42658,-15.05,0
CONNECTICUT,42673.05,Installation and Repair,59544,16870.95,28
CONNECTICUT,42673.05,Legal Occupations,153724,111050.95,72
CONNECTICUT,42673.05,Maintenance and Cleaning,40175,-2498.05,-6
CONNECTICUT,42673.05,Management,120057,77383.95,64
CONNECTICUT,42673.05,Office and Administrative,49297,6623.95,13
CONNECTICUT,42673.05,Personal Care and Service,40881,-1792.05,-4
CONNECTICUT,42673.05,Production Occupations,52916,10242.95,19
CONNECTICUT,42673.05,Protective Services,43291,617.95,1
CONNECTICUT,42673.05,Sales,59801,17127.95,29
CONNECTICUT,42673.05,Scientific Research,86486,43812.95,51
CONNECTICUT,42673.05,Social Services,57334,14660.95,26
CONNECTICUT,42673.05,Technology and Mathematics,93549,50875.95,54
CONNECTICUT,42673.05,Transportation and Moving,46359,3685.95,8
DELAWARE,40477.36,Arts and Media,60273,19795.64,33
DELAWARE,40477.36,Business and Financial,75930,35452.64,47
DELAWARE,40477.36,Construction,57940,17462.64,30
DELAWARE,40477.36,Education,50245,9767.64,19
DELAWARE,40477.36,Engineering,90329,49851.64,55
DELAWARE,40477.36,Farming and Forestry,34674,-5803.36,-17
DELAWARE,40477.36,Food Service,32823,-7654.36,-23
DELAWARE,40477.36,Healthcare Practitioners,78522,38044.64,48
DELAWARE,40477.36,Healthcare Support,39767,-710.36,-2
DELAWARE,40477.36,Installation and Repair,58904,18426.64,31
DELAWARE,40477.36,Legal Occupations,132581,92103.64,69
DELAWARE,40477.36,Maintenance and Cleaning,36557,-3920.36,-11
DELAWARE,40477.36,Management,131435,90957.64,69
DELAWARE,40477.36,Office and Administrative,44188,3710.64,8
DELAWARE,40477.36,Personal Care and Service,33148,-7329.36,-22
DELAWARE,40477.36,Production Occupations,46421,5943.64,13
DELAWARE,40477.36,Protective Services,42607,2129.64,5
DELAWARE,40477.36,Sales,58823,18345.64,31
DELAWARE,40477.36,Scientific Research,79584,39106.64,49
DELAWARE,40477.36,Social Services,54079,13601.64,25
DELAWARE,40477.36,Technology and Mathematics,92495,52017.64,56
DELAWARE,40477.36,Transportation and Moving,43209,2731.64,6
FLORIDA,37907.78,Arts and Media,55252,17344.22,31
FLORIDA,37907.78,Business and Financial,70221,32313.22,46
FLORIDA,37907.78,Construction,49673,11765.22,24
FLORIDA,37907.78,Education,48216,10308.22,21
FLORIDA,37907.78,Engineering,82571,44663.22,54
FLORIDA,37907.78,Farming and Forestry,35222,-2685.78,-8
FLORIDA,37907.78,Food Service,34287,-3620.78,-11
FLORIDA,37907.78,Healthcare Practitioners,63662,25754.22,40
FLORIDA,37907.78,Healthcare Support,38654,746.22,2
FLORIDA,37907.78,Installation and Repair,49864,11956.22,24
FLORIDA,37907.78,Legal Occupations,124714,86806.22,70
FLORIDA,37907.78,Maintenance and Cleaning,34126,-3781.78,-11
FLORIDA,37907.78,Management,105571,67663.22,64
FLORIDA,37907.78,Office and Administrative,41785,3877.22,9
FLORIDA,37907.78,Personal Care and Service,34040,-3867.78,-11
FLORIDA,37907.78,Production Occupations,42568,4660.22,11
FLORIDA,37907.78,Protective Services,42181,4273.22,10
FLORIDA,37907.78,Sales,56053,18145.22,32
FLORIDA,37907.78,Scientific Research,69092,31184.22,45
FLORIDA,37907.78,Social Services,49191,11283.22,23
FLORIDA,37907.78,Technology and Mathematics,82238,44330.22,54
FLORIDA,37907.78,Transportation and Moving,40132,2224.22,6
GEORGIA,36375.1,Arts and Media,56549,20173.9,36
GEORGIA,36375.1,Business and Financial,67878,31502.9,46
GEORGIA,36375.1,Construction,53271,16895.9,32
GEORGIA,36375.1,Education,51834,15458.9,30
GEORGIA,36375.1,Engineering,86823,50447.9,58
GEORGIA,36375.1,Farming and Forestry,38944,2568.9,7
GEORGIA,36375.1,Food Service,30584,-5791.1,-19
GEORGIA,36375.1,Healthcare Practitioners,68444,32068.9,47
GEORGIA,36375.1,Healthcare Support,34786,-1589.1,-5
GEORGIA,36375.1,Installation and Repair,51831,15455.9,30
GEORGIA,36375.1,Legal Occupations,134046,97670.9,73
GEORGIA,36375.1,Maintenance and Cleaning,34662,-1713.1,-5
GEORGIA,36375.1,Management,109142,72766.9,67
GEORGIA,36375.1,Office and Administrative,41193,4817.9,12
GEORGIA,36375.1,Personal Care and Service,33404,-2971.1,-9
GEORGIA,36375.1,Production Occupations,42651,6275.9,15
GEORGIA,36375.1,Protective Services,41383,5007.9,12
GEORGIA,36375.1,Sales,54859,18483.9,34
GEORGIA,36375.1,Scientific Research,72249,35873.9,50
GEORGIA,36375.1,Social Services,50069,13693.9,27
GEORGIA,36375.1,Technology and Mathematics,88248,51872.9,59
GEORGIA,36375.1,Transportation and Moving,40641,4265.9,10
HAWAII,52245.83,Arts and Media,55919,3673.17,7
HAWAII,52245.83,Business and Financial,70141,17895.17,26
HAWAII,52245.83,Construction,74999,22753.17,30
HAWAII,52245.83,Education,52490,244.17,0
HAWAII,52245.83,Engineering,90144,37898.17,42
HAWAII,52245.83,Farming and Forestry,40747,-11498.83,-28
HAWAII,52245.83,Food Service,37492,-14753.83,-39
HAWAII,52245.83,Healthcare Practitioners,78458,26212.17,33
HAWAII,52245.83,Healthcare Support,43230,-9015.83,-21
HAWAII,52245.83,Installation and Repair,61167,8921.17,15
HAWAII,52245.83,Legal Occupations,102891,50645.17,49
HAWAII,52245.83,Maintenance and Cleaning,39551,-12694.83,-32
HAWAII,52245.83,Management,109568,57322.17,52
HAWAII,52245.83,Office and Administrative,46574,-5671.83,-12
HAWAII,52245.83,Personal Care and Service,35660,-16585.83,-47
HAWAII,52245.83,Production Occupations,53356,1110.17,2
HAWAII,52245.83,Protective Services,43940,-8305.83,-19
HAWAII,52245.83,Sales,52861,615.17,1
HAWAII,52245.83,Scientific Research,75576,23330.17,31
HAWAII,52245.83,Social Services,56360,4114.17,7
HAWAII,52245.83,Technology and Mathematics,87178,34932.17,40
HAWAII,52245.83,Transportation and Moving,45876,-6369.83,-14
IOWA,34482.19,Arts and Media,51072,16589.81,32
IOWA,34482.19,Business and Financial,66009,31526.81,48
IOWA,34482.19,Construction,55453,20970.81,38
IOWA,34482.19,Education,46162,11679.81,25
IOWA,34482.19,Engineering,78826,44343.81,56
IOWA,34482.19,Farming and Forestry,40714,6231.81,15
IOWA,34482.19,Food Service,29300,-5182.19,-18
IOWA,34482.19,Healthcare Practitioners,67018,32535.81,49
IOWA,34482.19,Healthcare Support,42154,7671.81,18
IOWA,34482.19,Installation and Repair,53061,18578.81,35
IOWA,34482.19,Legal Occupations,101596,67113.81,66
IOWA,34482.19,Maintenance and Cleaning,33935,-547.19,-2
IOWA,34482.19,Management,91535,57052.81,62
IOWA,34482.19,Office and Administrative,41482,6999.81,17
IOWA,34482.19,Personal Care and Service,31915,-2567.19,-8
IOWA,34482.19,Production Occupations,45807,11324.81,25
IOWA,34482.19,Protective Services,38243,3760.81,10
IOWA,34482.19,Sales,53318,18835.81,35
IOWA,34482.19,Scientific Research,68418,33935.81,50
IOWA,34482.19,Social Services,47502,13019.81,27
IOWA,34482.19,Technology and Mathematics,81044,46561.81,57
IOWA,34482.19,Transportation and Moving,43250,8767.81,20
IDAHO,36939.64,Arts and Media,48988,12048.36,25
IDAHO,36939.64,Business and Financial,63466,26526.36,42
IDAHO,36939.64,Construction,54696,17756.36,32
IDAHO,36939.64,Education,46444,9504.36,20
IDAHO,36939.64,Engineering,82531,45591.36,55
IDAHO,36939.64,Farming and Forestry,41947,5007.36,12
IDAHO,36939.64,Food Service,30070,-6869.64,-23
IDAHO,36939.64,Healthcare Practitioners,66477,29537.36,44
IDAHO,36939.64,Healthcare Support,37604,664.36,2
IDAHO,36939.64,Installation and Repair,52014,15074.36,29
IDAHO,36939.64,Legal Occupations,90604,53664.36,59
IDAHO,36939.64,Maintenance and Cleaning,34117,-2822.64,-8
IDAHO,36939.64,Management,83615,46675.36,56
IDAHO,36939.64,Office and Administrative,39818,2878.36,7
IDAHO,36939.64,Personal Care and Service,33206,-3733.64,-11
IDAHO,36939.64,Production Occupations,44370,7430.36,17
IDAHO,36939.64,Protective Services,37630,690.36,2
IDAHO,36939.64,Sales,49536,12596.36,25
IDAHO,36939.64,Scientific Research,66922,29982.36,45
IDAHO,36939.64,Social Services,52255,15315.36,29
IDAHO,36939.64,Technology and Mathematics,81126,44186.36,54
IDAHO,36939.64,Transportation and Moving,41826,4886.36,12
ILLINOIS,36232.62,Arts and Media,59697,23464.38,39
ILLINOIS,36232.62,Business and Financial,71866,35633.38,50
ILLINOIS,36232.62,Construction,68382,32149.38,47
ILLINOIS,36232.62,Education,50539,14306.38,28
ILLINOIS,36232.62,Engineering,88136,51903.38,59
ILLINOIS,36232.62,Farming and Forestry,41773,5540.38,13
ILLINOIS,36232.62,Food Service,35711,-521.62,-1
ILLINOIS,36232.62,Healthcare Practitioners,71741,35508.38,49
ILLINOIS,36232.62,Healthcare Support,43128,6895.38,16
ILLINOIS,36232.62,Installation and Repair,55952,19719.38,35
ILLINOIS,36232.62,Legal Occupations,146780,110547.38,75
ILLINOIS,36232.62,Maintenance and Cleaning,38650,2417.38,6
ILLINOIS,36232.62,Management,108292,72059.38,67
ILLINOIS,36232.62,Office and Administrative,45221,8988.38,20
ILLINOIS,36232.62,Personal Care and Service,36492,259.38,1
ILLINOIS,36232.62,Production Occupations,49328,13095.38,27
ILLINOIS,36232.62,Protective Services,48431,12198.38,25
ILLINOIS,36232.62,Sales,59585,23352.38,39
ILLINOIS,36232.62,Scientific Research,79712,43479.38,55
ILLINOIS,36232.62,Social Services,51468,15235.38,30
ILLINOIS,36232.62,Technology and Mathematics,89056,52823.38,59
ILLINOIS,36232.62,Transportation and Moving,44653,8420.38,19
INDIANA,33904.07,Arts and Media,49681,15776.93,32
INDIANA,33904.07,Business and Financial,65886,31981.93,49
INDIANA,33904.07,Construction,57897,23992.93,41
INDIANA,33904.07,Education,40388,6483.93,16
INDIANA,33904.07,Engineering,80610,46705.93,58
INDIANA,33904.07,Farming and Forestry,40141,6236.93,16
INDIANA,33904.07,Food Service,29588,-4316.07,-15
INDIANA,33904.07,Healthcare Practitioners,62453,28548.93,46
INDIANA,33904.07,Healthcare Support,38849,4944.93,13
INDIANA,33904.07,Installation and Repair,54327,20422.93,38
INDIANA,33904.07,Legal Occupations,113119,79214.93,70
INDIANA,33904.07,Maintenance and Cleaning,35263,1358.93,4
INDIANA,33904.07,Management,100465,66560.93,66
INDIANA,33904.07,Office and Administrative,42095,8190.93,19
INDIANA,33904.07,Personal Care and Service,32847,-1057.07,-3
INDIANA,33904.07,Production Occupations,45219,11314.93,25
INDIANA,33904.07,Protective Services,41494,7589.93,18
INDIANA,33904.07,Sales,56350,22445.93,40
INDIANA,33904.07,Scientific Research,68523,34618.93,51
INDIANA,33904.07,Social Services,48873,14968.93,31
INDIANA,33904.07,Technology and Mathematics,76539,42634.93,56
INDIANA,33904.07,Transportation and Moving,42422,8517.93,20
KANSAS,36285.88,Arts and Media,51289,15003.12,29
KANSAS,36285.88,Business and Financial,66434,30148.12,45
KANSAS,36285.88,Construction,54618,18332.12,34
KANSAS,36285.88,Education,48317,12031.12,25
KANSAS,36285.88,Engineering,86434,50148.12,58
KANSAS,36285.88,Farming and Forestry,38686,2400.12,6
KANSAS,36285.88,Food Service,28390,-7895.88,-28
KANSAS,36285.88,Healthcare Practitioners,67198,30912.12,46
KANSAS,36285.88,Healthcare Support,36088,-197.88,-1
KANSAS,36285.88,Installation and Repair,53085,16799.12,32
KANSAS,36285.88,Legal Occupations,109960,73674.12,67
KANSAS,36285.88,Maintenance and Cleaning,34468,-1817.88,-5
KANSAS,36285.88,Management,104009,67723.12,65
KANSAS,36285.88,Office and Administrative,40810,4524.12,11
KANSAS,36285.88,Personal Care and Service,30752,-5533.88,-18
KANSAS,36285.88,Production Occupations,45326,9040.12,20
KANSAS,36285.88,Protective Services,38928,2642.12,7
KANSAS,36285.88,Sales,58089,21803.12,38
KANSAS,36285.88,Scientific Research,72827,36541.12,50
KANSAS,36285.88,Social Services,49405,13119.12,27
KANSAS,36285.88,Technology and Mathematics,83201,46915.12,56
KANSAS,36285.88,Transportation and Moving,41826,5540.12,13
KENTUCKY,34125.49,Arts and Media,49849,15723.51,32
KENTUCKY,34125.49,Business and Financial,63916,29790.51,47
KENTUCKY,34125.49,Construction,53808,19682.51,37
KENTUCKY,34125.49,Education,43530,9404.51,22
KENTUCKY,34125.49,Engineering,78721,44595.51,57
KENTUCKY,34125.49,Farming and Forestry,35735,1609.51,5
KENTUCKY,34125.49,Food Service,28796,-5329.49,-19
KENTUCKY,34125.49,Healthcare Practitioners,66016,31890.51,48
KENTUCKY,34125.49,Healthcare Support,36687,2561.51,7
KENTUCKY,34125.49,Installation and Repair,50993,16867.51,33
KENTUCKY,34125.49,Legal Occupations,105562,71436.51,68
KENTUCKY,34125.49,Maintenance and Cleaning,34030,-95.49,0
KENTUCKY,34125.49,Management,91575,57449.51,63
KENTUCKY,34125.49,Office and Administrative,39997,5871.51,15
KENTUCKY,34125.49,Personal Care and Service,31220,-2905.49,-9
KENTUCKY,34125.49,Production Occupations,43899,9773.51,22
KENTUCKY,34125.49,Protective Services,38193,4067.51,11
KENTUCKY,34125.49,Sales,54006,19880.51,37
KENTUCKY,34125.49,Scientific Research,66212,32086.51,48
KENTUCKY,34125.49,Social Services,47075,12949.51,28
KENTUCKY,34125.49,Technology and Mathematics,75007,40881.51,55
KENTUCKY,34125.49,Transportation and Moving,41419,7293.51,18
LOUISIANA,37078.63,Arts and Media,49323,12244.37,25
LOUISIANA,37078.63,Business and Financial,64161,27082.37,42
LOUISIANA,37078.63,Construction,50645,13566.37,27
LOUISIANA,37078.63,Education,45783,8704.37,19
LOUISIANA,37078.63,Engineering,84120,47041.37,56
LOUISIANA,37078.63,Farming and Forestry,37948,869.37,2
LOUISIANA,37078.63,Food Service,28134,-8944.63,-32
LOUISIANA,37078.63,Healthcare Practitioners,64286,27207.37,42
LOUISIANA,37078.63,Healthcare Support,30214,-6864.63,-23
LOUISIANA,37078.63,Installation and Repair,49477,12398.37,25
LOUISIANA,37078.63,Legal Occupations,87820,50741.37,58
LOUISIANA,37078.63,Maintenance and Cleaning,31286,-5792.63,-19
LOUISIANA,37078.63,Management,100098,63019.37,63
LOUISIANA,37078.63,Office and Administrative,37787,708.37,2
LOUISIANA,37078.63,Personal Care and Service,29598,-7480.63,-25
LOUISIANA,37078.63,Production Occupations,47792,10713.37,22
LOUISIANA,37078.63,Protective Services,36670,-408.63,-1
LOUISIANA,37078.63,Sales,47876,10797.37,23
LOUISIANA,37078.63,Scientific Research,73208,36129.37,49
LOUISIANA,37078.63,Social Services,45767,8688.37,19
LOUISIANA,37078.63,Technology and Mathematics,77188,40109.37,52
LOUISIANA,37078.63,Transportation and Moving,37864,785.37,2
MASSACHUSETTS,47979.34,Arts and Media,70549,22569.66,32
MASSACHUSETTS,47979.34,Business and Financial,79188,31208.66,39
MASSACHUSETTS,47979.34,Construction,70544,22564.66,32
MASSACHUSETTS,47979.34,Education,72407,24427.66,34
MASSACHUSETTS,47979.34,Engineering,95211,47231.66,50
MASSACHUSETTS,47979.34,Farming and Forestry,44026,-3953.34,-9
MASSACHUSETTS,47979.34,Food Service,38816,-9163.34,-24
MASSACHUSETTS,47979.34,Healthcare Practitioners,84882,36902.66,43
MASSACHUSETTS,47979.34,Healthcare Support,45486,-2493.34,-5
MASSACHUSETTS,47979.34,Installation and Repair,62074,14094.66,23
MASSACHUSETTS,47979.34,Legal Occupations,154936,106956.66,69
MASSACHUSETTS,47979.34,Maintenance and Cleaning,42850,-5129.34,-12
MASSACHUSETTS,47979.34,Management,121970,73990.66,61
MASSACHUSETTS,47979.34,Office and Administrative,50177,2197.66,4
MASSACHUSETTS,47979.34,Personal Care and Service,41793,-6186.34,-15
MASSACHUSETTS,47979.34,Production Occupations,50399,2419.66,5
MASSACHUSETTS,47979.34,Protective Services,47446,-533.34,-1
MASSACHUSETTS,47979.34,Sales,67967,19987.66,29
MASSACHUSETTS,47979.34,Scientific Research,92576,44596.66,48
MASSACHUSETTS,47979.34,Social Services,62965,14985.66,24
MASSACHUSETTS,47979.34,Technology and Mathematics,104517,56537.66,54
MASSACHUSETTS,47979.34,Transportation and Moving,46728,-1251.34,-3
MARYLAND,40617.65,Arts and Media,62312,21694.35,35
MARYLAND,40617.65,Business and Financial,75718,35100.35,46
MARYLAND,40617.65,Construction,59761,19143.35,32
MARYLAND,40617.65,Education,59493,18875.35,32
MARYLAND,40617.65,Engineering,93313,52695.35,56
MARYLAND,40617.65,Farming and Forestry,41656,1038.35,2
MARYLAND,40617.65,Food Service,35888,-4729.65,-13
MARYLAND,40617.65,Healthcare Practitioners,77969,37351.35,48
MARYLAND,40617.65,Healthcare Support,41453,835.35,2
MARYLAND,40617.65,Installation and Repair,57771,17153.35,30
MARYLAND,40617.65,Legal Occupations,159502,118884.35,75
MARYLAND,40617.65,Maintenance and Cleaning,36737,-3880.65,-11
MARYLAND,40617.65,Management,108542,67924.35,63
MARYLAND,40617.65,Office and Administrative,46881,6263.35,13
MARYLAND,40617.65,Personal Care and Service,37129,-3488.65,-9
MARYLAND,40617.65,Production Occupations,50199,9581.35,19
MARYLAND,40617.65,Protective Services,45515,4897.35,11
MARYLAND,40617.65,Sales,60192,19574.35,33
MARYLAND,40617.65,Scientific Research,85463,44845.35,52
MARYLAND,40617.65,Social Services,55410,14792.35,27
MARYLAND,40617.65,Technology and Mathematics,96839,56221.35,58
MARYLAND,40617.65,Transportation and Moving,45059,4441.35,10
MAINE,38969.93,Arts and Media,54653,15683.07,29
MAINE,38969.93,Business and Financial,71551,32581.07,46
MAINE,38969.93,Construction,51866,12896.07,25
MAINE,38969.93,Education,61434,22464.07,37
MAINE,38969.93,Engineering,78518,39548.07,50
MAINE,38969.93,Farming and Forestry,41558,2588.07,6
MAINE,38969.93,Food Service,36490,-2479.93,-7
MAINE,38969.93,Healthcare Practitioners,74562,35592.07,48
MAINE,38969.93,Healthcare Support,40778,1808.07,4
MAINE,38969.93,Installation and Repair,55240,16270.07,29
MAINE,38969.93,Legal Occupations,121166,82196.07,68
MAINE,38969.93,Maintenance and Cleaning,38590,-379.93,-1
MAINE,38969.93,Management,97177,58207.07,60
MAINE,38969.93,Office and Administrative,44260,5290.07,12
MAINE,38969.93,Personal Care and Service,37164,-1805.93,-5
MAINE,38969.93,Production Occupations,46423,7453.07,16
MAINE,38969.93,Protective Services,41721,2751.07,7
MAINE,38969.93,Sales,54957,15987.07,29
MAINE,38969.93,Scientific Research,72730,33760.07,46
MAINE,38969.93,Social Services,52783,13813.07,26
MAINE,38969.93,Technology and Mathematics,81894,42924.07,52
MAINE,38969.93,Transportation and Moving,43293,4323.07,10
MICHIGAN,34232.73,Arts and Media,53144,18911.27,36
MICHIGAN,34232.73,Business and Financial,67825,33592.27,50
MICHIGAN,34232.73,Construction,58512,24279.27,41
MICHIGAN,34232.73,Education,59721,25488.27,43
MICHIGAN,34232.73,Engineering,84249,50016.27,59
MICHIGAN,34232.73,Farming and Forestry,41321,7088.27,17
MICHIGAN,34232.73,Food Service,32722,-1510.73,-5
MICHIGAN,34232.73,Healthcare Practitioners,71604,37371.27,52
MICHIGAN,34232.73,Healthcare Support,38169,3936.27,10
MICHIGAN,34232.73,Installation and Repair,53334,19101.27,36
MICHIGAN,34232.73,Legal Occupations,116138,81905.27,71
MICHIGAN,34232.73,Maintenance and Cleaning,36336,2103.27,6
MICHIGAN,34232.73,Management,102957,68724.27,67
MICHIGAN,34232.73,Office and Administrative,43355,9122.27,21
MICHIGAN,34232.73,Personal Care and Service,33229,-1003.73,-3
MICHIGAN,34232.73,Production Occupations,45288,11055.27,24
MICHIGAN,34232.73,Protective Services,43665,9432.27,22
MICHIGAN,34232.73,Sales,58829,24596.27,42
MICHIGAN,34232.73,Scientific Research,72631,38398.27,53
MICHIGAN,34232.73,Social Services,50991,16758.27,33
MICHIGAN,34232.73,Technology and Mathematics,81424,47191.27,58
MICHIGAN,34232.73,Transportation and Moving,42642,8409.27,20
MINNESOTA,34574.28,Arts and Media,61167,26592.72,43
MINNESOTA,34574.28,Business and Financial,74654,40079.72,54
MINNESOTA,34574.28,Construction,65321,30746.72,47
MINNESOTA,34574.28,Education,50092,15517.72,31
MINNESOTA,34574.28,Engineering,87009,52434.72,60
MINNESOTA,34574.28,Farming and Forestry,47033,12458.72,26
MINNESOTA,34574.28,Food Service,34695,120.72,0
MINNESOTA,34574.28,Healthcare Practitioners,74133,39558.72,53
MINNESOTA,34574.28,Healthcare Support,41272,6697.72,16
MINNESOTA,34574.28,Installation and Repair,57917,23342.72,40
MINNESOTA,34574.28,Legal Occupations,138092,103517.72,75
MINNESOTA,34574.28,Maintenance and Cleaning,40289,5714.72,14
MINNESOTA,34574.28,Management,104946,70371.72,67
MINNESOTA,34574.28,Office and Administrative,47520,12945.72,27
MINNESOTA,34574.28,Personal Care and Service,37397,2822.72,8
MINNESOTA,34574.28,Production Occupations,51213,16638.72,32
MINNESOTA,34574.28,Protective Services,49156,14581.72,30
MINNESOTA,34574.28,Sales,61166,26591.72,43
MINNESOTA,34574.28,Scientific Research,79907,45332.72,57
MINNESOTA,34574.28,Social Services,56585,22010.72,39
MINNESOTA,34574.28,Technology and Mathematics,88172,53597.72,61
MINNESOTA,34574.28,Transportation and Moving,47211,12636.72,27
MISSOURI,34461.16,Arts and Media,52268,17806.84,34
MISSOURI,34461.16,Business and Financial,65872,31410.84,48
MISSOURI,34461.16,Construction,55327,20865.84,38
MISSOURI,34461.16,Education,42694,8232.84,19
MISSOURI,34461.16,Engineering,79787,45325.84,57
MISSOURI,34461.16,Farming and Forestry,38868,4406.84,11
MISSOURI,34461.16,Food Service,31308,-3153.16,-10
MISSOURI,34461.16,Healthcare Practitioners,65929,31467.84,48
MISSOURI,34461.16,Healthcare Support,38296,3834.84,10
MISSOURI,34461.16,Installation and Repair,51544,17082.84,33
MISSOURI,34461.16,Legal Occupations,113381,78919.84,70
MISSOURI,34461.16,Maintenance and Cleaning,35320,858.84,2
MISSOURI,34461.16,Management,91266,56804.84,62
MISSOURI,34461.16,Office and Administrative,41568,7106.84,17
MISSOURI,34461.16,Personal Care and Service,31174,-3287.16,-11
MISSOURI,34461.16,Production Occupations,43851,9389.84,21
MISSOURI,34461.16,Protective Services,42502,8040.84,19
MISSOURI,34461.16,Sales,53052,18590.84,35
MISSOURI,34461.16,Scientific Research,71078,36616.84,52
MISSOURI,34461.16,Social Services,44914,10452.84,23
MISSOURI,34461.16,Technology and Mathematics,74304,39842.84,54
MISSOURI,34461.16,Transportation and Moving,42101,7639.84,18
MISSISSIPPI,35834.57,Arts and Media,41704,5869.43,14
MISSISSIPPI,35834.57,Business and Financial,59919,24084.43,40
MISSISSIPPI,35834.57,Construction,46280,10445.43,23
MISSISSIPPI,35834.57,Education,44210,8375.43,19
MISSISSIPPI,35834.57,Engineering,80466,44631.43,55
MISSISSIPPI,35834.57,Farming and Forestry,37144,1309.43,4
MISSISSIPPI,35834.57,Food Service,25049,-10785.57,-43
MISSISSIPPI,35834.57,Healthcare Practitioners,59210,23375.43,39
MISSISSIPPI,35834.57,Healthcare Support,32086,-3748.57,-12
MISSISSIPPI,35834.57,Installation and Repair,47331,11496.43,24
MISSISSIPPI,35834.57,Legal Occupations,71216,35381.43,50
MISSISSIPPI,35834.57,Maintenance and Cleaning,30012,-5822.57,-19
MISSISSIPPI,35834.57,Management,86993,51158.43,59
MISSISSIPPI,35834.57,Office and Administrative,37025,1190.43,3
MISSISSIPPI,35834.57,Personal Care and Service,28820,-7014.57,-24
MISSISSIPPI,35834.57,Production Occupations,41775,5940.43,14
MISSISSIPPI,35834.57,Protective Services,34132,-1702.57,-5
MISSISSIPPI,35834.57,Sales,44087,8252.43,19
MISSISSIPPI,35834.57,Scientific Research,62291,26456.43,42
MISSISSIPPI,35834.57,Social Services,45744,9909.43,22
MISSISSIPPI,35834.57,Technology and Mathematics,72303,36468.43,50
MISSISSIPPI,35834.57,Transportation and Moving,37144,1309.43,4
MONTANA,37279.83,Arts and Media,44407,7127.17,16
MONTANA,37279.83,Business and Financial,62615,25335.17,40
MONTANA,37279.83,Construction,59078,21798.17,37
MONTANA,37279.83,Education,47337,10057.17,21
MONTANA,37279.83,Engineering,78313,41033.17,52
MONTANA,37279.83,Farming and Forestry,40425,3145.17,8
MONTANA,37279.83,Food Service,29465,-7814.83,-27
MONTANA,37279.83,Healthcare Practitioners,68543,31263.17,46
MONTANA,37279.83,Healthcare Support,37650,370.17,1
MONTANA,37279.83,Installation and Repair,53809,16529.17,31
MONTANA,37279.83,Legal Occupations,72589,35309.17,49
MONTANA,37279.83,Maintenance and Cleaning,36825,-454.83,-1
MONTANA,37279.83,Management,95522,58242.17,61
MONTANA,37279.83,Office and Administrative,41804,4524.17,11
MONTANA,37279.83,Personal Care and Service,33228,-4051.83,-12
MONTANA,37279.83,Production Occupations,48662,11382.17,23
MONTANA,37279.83,Protective Services,38556,1276.17,3
MONTANA,37279.83,Sales,49116,11836.17,24
MONTANA,37279.83,Scientific Research,65390,28110.17,43
MONTANA,37279.83,Social Services,45530,8250.17,18
MONTANA,37279.83,Technology and Mathematics,78490,41210.17,53
MONTANA,37279.83,Transportation and Moving,43785,6505.17,15
NORTH CAROLINA,37242.97,Arts and Media,55188,17945.03,33
NORTH CAROLINA,37242.97,Business and Financial,68274,31031.03,45
NORTH CAROLINA,37242.97,Construction,49854,12611.03,25
NORTH CAROLINA,37242.97,Education,46520,9277.03,20
NORTH CAROLINA,37242.97,Engineering,83764,46521.03,56
NORTH CAROLINA,37242.97,Farming and Forestry,40148,2905.03,7
NORTH CAROLINA,37242.97,Food Service,30577,-6665.97,-22
NORTH CAROLINA,37242.97,Healthcare Practitioners,63860,26617.03,42
NORTH CAROLINA,37242.97,Healthcare Support,37623,380.03,1
NORTH CAROLINA,37242.97,Installation and Repair,51736,14493.03,28
NORTH CAROLINA,37242.97,Legal Occupations,136550,99307.03,73
NORTH CAROLINA,37242.97,Maintenance and Cleaning,33038,-4204.97,-13
NORTH CAROLINA,37242.97,Management,107096,69853.03,65
NORTH CAROLINA,37242.97,Office and Administrative,41224,3981.03,10
NORTH CAROLINA,37242.97,Personal Care and Service,32425,-4817.97,-15
NORTH CAROLINA,37242.97,Production Occupations,42831,5588.03,13
NORTH CAROLINA,37242.97,Protective Services,39278,2035.03,5
NORTH CAROLINA,37242.97,Sales,59018,21775.03,37
NORTH CAROLINA,37242.97,Scientific Research,76067,38824.03,51
NORTH CAROLINA,37242.97,Social Services,53637,16394.03,31
NORTH CAROLINA,37242.97,Technology and Mathematics,86832,49589.03,57
NORTH CAROLINA,37242.97,Transportation and Moving,39612,2369.03,6
NORTH DAKOTA,36147.83,Arts and Media,48170,12022.17,25
NORTH DAKOTA,36147.83,Business and Financial,70621,34473.17,49
NORTH DAKOTA,36147.83,Construction,61286,25138.17,41
NORTH DAKOTA,36147.83,Education,45266,9118.17,20
NORTH DAKOTA,36147.83,Engineering,84543,48395.17,57
NORTH DAKOTA,36147.83,Farming and Forestry,41821,5673.17,14
NORTH DAKOTA,36147.83,Food Service,32472,-3675.83,-11
NORTH DAKOTA,36147.83,Healthcare Practitioners,67152,31004.17,46
NORTH DAKOTA,36147.83,Healthcare Support,40871,4723.17,12
NORTH DAKOTA,36147.83,Installation and Repair,58324,22176.17,38
NORTH DAKOTA,36147.83,Legal Occupations,75879,39731.17,52
NORTH DAKOTA,36147.83,Maintenance and Cleaning,38893,2745.17,7
NORTH DAKOTA,36147.83,Management,97474,61326.17,63
NORTH DAKOTA,36147.83,Office and Administrative,45076,8928.17,20
NORTH DAKOTA,36147.83,Personal Care and Service,33948,-2199.83,-6
NORTH DAKOTA,36147.83,Production Occupations,52283,16135.17,31
NORTH DAKOTA,36147.83,Protective Services,41933,5785.17,14
NORTH DAKOTA,36147.83,Sales,54641,18493.17,34
NORTH DAKOTA,36147.83,Scientific Research,71825,35677.17,50
NORTH DAKOTA,36147.83,Social Services,56190,20042.17,36
NORTH DAKOTA,36147.83,Technology and Mathematics,80102,43954.17,55
NORTH DAKOTA,36147.83,Transportation and Moving,47540,11392.17,24
NEBRASKA,37106.28,Arts and Media,50197,13090.72,26
NEBRASKA,37106.28,Business and Financial,64546,27439.72,43
NEBRASKA,37106.28,Construction,52321,15214.72,29
NEBRASKA,37106.28,Education,45635,8528.72,19
NEBRASKA,37106.28,Engineering,74625,37518.72,50
NEBRASKA,37106.28,Farming and Forestry,41715,4608.72,11
NEBRASKA,37106.28,Food Service,29104,-8002.28,-27
NEBRASKA,37106.28,Healthcare Practitioners,67947,30840.72,45
NEBRASKA,37106.28,Healthcare Support,37648,541.72,1
NEBRASKA,37106.28,Installation and Repair,51494,14387.72,28
NEBRASKA,37106.28,Legal Occupations,94081,56974.72,61
NEBRASKA,37106.28,Maintenance and Cleaning,33913,-3193.28,-9
NEBRASKA,37106.28,Management,91631,54524.72,60
NEBRASKA,37106.28,Office and Administrative,40917,3810.72,9
NEBRASKA,37106.28,Personal Care and Service,30641,-6465.28,-21
NEBRASKA,37106.28,Production Occupations,43482,6375.72,15
NEBRASKA,37106.28,Protective Services,41122,4015.72,10
NEBRASKA,37106.28,Sales,50364,13257.72,26
NEBRASKA,37106.28,Scientific Research,63029,25922.72,41
NEBRASKA,37106.28,Social Services,50217,13110.72,26
NEBRASKA,37106.28,Technology and Mathematics,80164,43057.72,54
NEBRASKA,37106.28,Transportation and Moving,42686,5579.72,13
NEW HAMPSHIRE,37767.25,Arts and Media,55974,18206.75,33
NEW HAMPSHIRE,37767.25,Business and Financial,71236,33468.75,47
NEW HAMPSHIRE,37767.25,Construction,58331,20563.75,35
NEW HAMPSHIRE,37767.25,Education,57214,19446.75,34
NEW HAMPSHIRE,37767.25,Engineering,86440,48672.75,56
NEW HAMPSHIRE,37767.25,Farming and Forestry,39056,1288.75,3
NEW HAMPSHIRE,37767.25,Food Service,34449,-3318.25,-10
NEW HAMPSHIRE,37767.25,Healthcare Practitioners,73577,35809.75,49
NEW HAMPSHIRE,37767.25,Healthcare Support,42852,5084.75,12
NEW HAMPSHIRE,37767.25,Installation and Repair,57008,19240.75,34
NEW HAMPSHIRE,37767.25,Legal Occupations,108845,71077.75,65
NEW HAMPSHIRE,37767.25,Maintenance and Cleaning,37162,-605.25,-2
NEW HAMPSHIRE,37767.25,Management,115129,77361.75,67
NEW HAMPSHIRE,37767.25,Office and Administrative,46093,8325.75,18
NEW HAMPSHIRE,37767.25,Personal Care and Service,34343,-3424.25,-10
NEW HAMPSHIRE,37767.25,Production Occupations,47678,9910.75,21
NEW HAMPSHIRE,37767.25,Protective Services,45541,7773.75,17
NEW HAMPSHIRE,37767.25,Sales,62784,25016.75,40
NEW HAMPSHIRE,37767.25,Scientific Research,78604,40836.75,52
NEW HAMPSHIRE,37767.25,Social Services,56118,18350.75,33
NEW HAMPSHIRE,37767.25,Technology and Mathematics,95406,57638.75,60
NEW HAMPSHIRE,37767.25,Transportation and Moving,43899,6131.75,14
NEW JERSEY,43782.9,Arts and Media,70948,27165.1,38
NEW JERSEY,43782.9,Business and Financial,85101,41318.1,49
NEW JERSEY,43782.9,Construction,69280,25497.1,37
NEW JERSEY,43782.9,Education,62763,18980.1,30
NEW JERSEY,43782.9,Engineering,97019,53236.1,55
NEW JERSEY,43782.9,Farming and Forestry,40144,-3638.9,-9
NEW JERSEY,43782.9,Food Service,37580,-6202.9,-17
NEW JERSEY,43782.9,Healthcare Practitioners,80679,36896.1,46
NEW JERSEY,43782.9,Healthcare Support,45668,1885.1,4
NEW JERSEY,43782.9,Installation and Repair,60566,16783.1,28
NEW JERSEY,43782.9,Legal Occupations,160103,116320.1,73
NEW JERSEY,43782.9,Maintenance and Cleaning,39208,-4574.9,-12
NEW JERSEY,43782.9,Management,137272,93489.1,68
NEW JERSEY,43782.9,Office and Administrative,48280,4497.1,9
NEW JERSEY,43782.9,Personal Care and Service,37663,-6119.9,-16
NEW JERSEY,43782.9,Production Occupations,50351,6568.1,13
NEW JERSEY,43782.9,Protective Services,47610,3827.1,8
NEW JERSEY,43782.9,Sales,67006,23223.1,35
NEW JERSEY,43782.9,Scientific Research,85270,41487.1,49
NEW JERSEY,43782.9,Social Services,60293,16510.1,27
NEW JERSEY,43782.9,Technology and Mathematics,98560,54777.1,56
NEW JERSEY,43782.9,Transportation and Moving,45981,2198.1,5
NEW MEXICO,35139.13,Arts and Media,50892,15752.87,31
NEW MEXICO,35139.13,Business and Financial,69625,34485.87,50
NEW MEXICO,35139.13,Construction,49053,13913.87,28
NEW MEXICO,35139.13,Education,61117,25977.87,43
NEW MEXICO,35139.13,Engineering,87355,52215.87,60
NEW MEXICO,35139.13,Farming and Forestry,35886,746.87,2
NEW MEXICO,35139.13,Food Service,30779,-4360.13,-14
NEW MEXICO,35139.13,Healthcare Practitioners,75090,39950.87,53
NEW MEXICO,35139.13,Healthcare Support,36277,1137.87,3
NEW MEXICO,35139.13,Installation and Repair,49533,14393.87,29
NEW MEXICO,35139.13,Legal Occupations,81245,46105.87,57
NEW MEXICO,35139.13,Maintenance and Cleaning,34030,-1109.13,-3
NEW MEXICO,35139.13,Management,99086,63946.87,65
NEW MEXICO,35139.13,Office and Administrative,39478,4338.87,11
NEW MEXICO,35139.13,Personal Care and Service,31981,-3158.13,-10
NEW MEXICO,35139.13,Production Occupations,45648,10508.87,23
NEW MEXICO,35139.13,Protective Services,41124,5984.87,15
NEW MEXICO,35139.13,Sales,45646,10506.87,23
NEW MEXICO,35139.13,Scientific Research,78785,43645.87,55
NEW MEXICO,35139.13,Social Services,50878,15738.87,31
NEW MEXICO,35139.13,Technology and Mathematics,80079,44939.87,56
NEW MEXICO,35139.13,Transportation and Moving,39542,4402.87,11
NEVADA,37602.47,Arts and Media,58128,20525.53,35
NEVADA,37602.47,Business and Financial,68691,31088.53,45
NEVADA,37602.47,Construction,61838,24235.53,39
NEVADA,37602.47,Education,49810,12207.53,25
NEVADA,37602.47,Engineering,81806,44203.53,54
NEVADA,37602.47,Farming and Forestry,40927,3324.53,8
NEVADA,37602.47,Food Service,31642,-5960.47,-19
NEVADA,37602.47,Healthcare Practitioners,73434,35831.53,49
NEVADA,37602.47,Healthcare Support,38026,423.53,1
NEVADA,37602.47,Installation and Repair,59321,21718.53,37
NEVADA,37602.47,Legal Occupations,101056,63453.53,63
NEVADA,37602.47,Maintenance and Cleaning,36563,-1039.47,-3
NEVADA,37602.47,Management,96296,58693.53,61
NEVADA,37602.47,Office and Administrative,42391,4788.53,11
NEVADA,37602.47,Personal Care and Service,36672,-930.47,-3
NEVADA,37602.47,Production Occupations,45899,8296.53,18
NEVADA,37602.47,Protective Services,42560,4957.53,12
NEVADA,37602.47,Sales,51367,13764.53,27
NEVADA,37602.47,Scientific Research,74052,36449.53,49
NEVADA,37602.47,Social Services,52930,15327.53,29
NEVADA,37602.47,Technology and Mathematics,83147,45544.53,55
NEVADA,37602.47,Transportation and Moving,43512,5909.53,14
NEW YORK,40981.36,Arts and Media,72122,31140.64,43
NEW YORK,40981.36,Business and Financial,82075,41093.64,50
NEW YORK,40981.36,Construction,68205,27223.64,40
NEW YORK,40981.36,Education,66836,25854.64,39
NEW YORK,40981.36,Engineering,92405,51423.64,56
NEW YORK,40981.36,Farming and Forestry,42605,1623.64,4
NEW YORK,40981.36,Food Service,41669,687.64,2
NEW YORK,40981.36,Healthcare Practitioners,80811,39829.64,49
NEW YORK,40981.36,Healthcare Support,42961,1979.64,5
NEW YORK,40981.36,Installation and Repair,60411,19429.64,32
NEW YORK,40981.36,Legal Occupations,159714,118732.64,74
NEW YORK,40981.36,Maintenance and Cleaning,41650,668.64,2
NEW YORK,40981.36,Management,130599,89617.64,69
NEW YORK,40981.36,Office and Administrative,48985,8003.64,16
NEW YORK,40981.36,Personal Care and Service,42740,1758.64,4
NEW YORK,40981.36,Production Occupations,51370,10388.64,20
NEW YORK,40981.36,Protective Services,50733,9751.64,19
NEW YORK,40981.36,Sales,70624,29642.64,42
NEW YORK,40981.36,Scientific Research,87629,46647.64,53
NEW YORK,40981.36,Social Services,62179,21197.64,34
NEW YORK,40981.36,Technology and Mathematics,96668,55686.64,58
NEW YORK,40981.36,Transportation and Moving,48144,7162.64,15
OHIO,33114.12,Arts and Media,53809,20694.88,38
OHIO,33114.12,Business and Financial,66181,33066.88,50
OHIO,33114.12,Construction,58099,24984.88,43
OHIO,33114.12,Education,49977,16862.88,34
OHIO,33114.12,Engineering,83435,50320.88,60
OHIO,33114.12,Farming and Forestry,39229,6114.88,16
OHIO,33114.12,Food Service,30729,-2385.12,-8
OHIO,33114.12,Healthcare Practitioners,66634,33519.88,50
OHIO,33114.12,Healthcare Support,38020,4905.88,13
OHIO,33114.12,Installation and Repair,52415,19300.88,37
OHIO,33114.12,Legal Occupations,111210,78095.88,70
OHIO,33114.12,Maintenance and Cleaning,35291,2176.88,6
OHIO,33114.12,Management,97264,64149.88,66
OHIO,33114.12,Office and Administrative,42390,9275.88,22
OHIO,33114.12,Personal Care and Service,31433,-1681.12,-5
OHIO,33114.12,Production Occupations,43953,10838.88,25
OHIO,33114.12,Protective Services,47640,14525.88,30
OHIO,33114.12,Sales,56017,22902.88,41
OHIO,33114.12,Scientific Research,73695,40580.88,55
OHIO,33114.12,Social Services,53788,20673.88,38
OHIO,33114.12,Technology and Mathematics,81159,48044.88,59
OHIO,33114.12,Transportation and Moving,42282,9167.88,22
OKLAHOMA,36476.3,Arts and Media,49818,13341.7,27
OKLAHOMA,36476.3,Business and Financial,64183,27706.7,43
OKLAHOMA,36476.3,Construction,51310,14833.7,29
OKLAHOMA,36476.3,Education,42225,5748.7,14
OKLAHOMA,36476.3,Engineering,81519,45042.7,55
OKLAHOMA,36476.3,Farming and Forestry,36811,334.7,1
OKLAHOMA,36476.3,Food Service,26572,-9904.3,-37
OKLAHOMA,36476.3,Healthcare Practitioners,65756,29279.7,45
OKLAHOMA,36476.3,Healthcare Support,33123,-3353.3,-10
OKLAHOMA,36476.3,Installation and Repair,50603,14126.7,28
OKLAHOMA,36476.3,Legal Occupations,85831,49354.7,58
OKLAHOMA,36476.3,Maintenance and Cleaning,31722,-4754.3,-15
OKLAHOMA,36476.3,Management,91954,55477.7,60
OKLAHOMA,36476.3,Office and Administrative,38878,2401.7,6
OKLAHOMA,36476.3,Personal Care and Service,29335,-7141.3,-24
OKLAHOMA,36476.3,Production Occupations,44426,7949.7,18
OKLAHOMA,36476.3,Protective Services,38259,1782.7,5
OKLAHOMA,36476.3,Sales,50259,13782.7,27
OKLAHOMA,36476.3,Scientific Research,66767,30290.7,45
OKLAHOMA,36476.3,Social Services,49644,13167.7,27
OKLAHOMA,36476.3,Technology and Mathematics,79430,42953.7,54
OKLAHOMA,36476.3,Transportation and Moving,38948,2471.7,6
OREGON,40877.51,Arts and Media,62741,21863.49,35
OREGON,40877.51,Business and Financial,69629,28751.49,41
OREGON,40877.51,Construction,63831,22953.49,36
OREGON,40877.51,Education,52729,11851.49,22
OREGON,40877.51,Engineering,86323,45445.49,53
OREGON,40877.51,Farming and Forestry,44479,3601.49,8
OREGON,40877.51,Food Service,36376,-4501.51,-12
OREGON,40877.51,Healthcare Practitioners,86787,45909.49,53
OREGON,40877.51,Healthcare Support,45521,4643.49,10
OREGON,40877.51,Installation and Repair,58169,17291.49,30
OREGON,40877.51,Legal Occupations,103245,62367.49,60
OREGON,40877.51,Maintenance and Cleaning,39276,-1601.51,-4
OREGON,40877.51,Management,102486,61608.49,60
OREGON,40877.51,Office and Administrative,46165,5287.49,11
OREGON,40877.51,Personal Care and Service,40851,-26.51,0
OREGON,40877.51,Production Occupations,49116,8238.49,17
OREGON,40877.51,Protective Services,45365,4487.49,10
OREGON,40877.51,Sales,57260,16382.49,29
OREGON,40877.51,Scientific Research,75114,34236.49,46
OREGON,40877.51,Social Services,55439,14561.49,26
OREGON,40877.51,Technology and Mathematics,93742,52864.49,56
OREGON,40877.51,Transportation and Moving,45199,4321.49,10
PENNSYLVANIA,35147.23,Arts and Media,56934,21786.77,38
PENNSYLVANIA,35147.23,Business and Financial,68265,33117.77,49
PENNSYLVANIA,35147.23,Construction,58011,22863.77,39
PENNSYLVANIA,35147.23,Education,50010,14862.77,30
PENNSYLVANIA,35147.23,Engineering,84539,49391.77,58
PENNSYLVANIA,35147.23,Farming and Forestry,39218,4070.77,10
PENNSYLVANIA,35147.23,Food Service,31019,-4128.23,-13
PENNSYLVANIA,35147.23,Healthcare Practitioners,65983,30835.77,47
PENNSYLVANIA,35147.23,Healthcare Support,40515,5367.77,13
PENNSYLVANIA,35147.23,Installation and Repair,53458,18310.77,34
PENNSYLVANIA,35147.23,Legal Occupations,112538,77390.77,69
PENNSYLVANIA,35147.23,Maintenance and Cleaning,35428,280.77,1
PENNSYLVANIA,35147.23,Management,105375,70227.77,67
PENNSYLVANIA,35147.23,Office and Administrative,43610,8462.77,19
PENNSYLVANIA,35147.23,Personal Care and Service,34492,-655.23,-2
PENNSYLVANIA,35147.23,Production Occupations,46957,11809.77,25
PENNSYLVANIA,35147.23,Protective Services,40162,5014.77,12
PENNSYLVANIA,35147.23,Sales,60004,24856.77,41
PENNSYLVANIA,35147.23,Scientific Research,71603,36455.77,51
PENNSYLVANIA,35147.23,Social Services,51134,15986.77,31
PENNSYLVANIA,35147.23,Technology and Mathematics,80281,45133.77,56
PENNSYLVANIA,35147.23,Transportation and Moving,43970,8822.77,20
RHODE ISLAND,40243.65,Arts and Media,64651,24407.35,38
RHODE ISLAND,40243.65,Business and Financial,80088,39844.35,50
RHODE ISLAND,40243.65,Construction,64011,23767.35,37
RHODE ISLAND,40243.65,Education,62000,21756.35,35
RHODE ISLAND,40243.65,Engineering,97343,57099.35,59
RHODE ISLAND,40243.65,Farming and Forestry,36725,-3518.65,-10
RHODE ISLAND,40243.65,Food Service,34938,-5305.65,-15
RHODE ISLAND,40243.65,Healthcare Practitioners,81806,41562.35,51
RHODE ISLAND,40243.65,Healthcare Support,43799,3555.35,8
RHODE ISLAND,40243.65,Installation and Repair,57808,17564.35,30
RHODE ISLAND,40243.65,Legal Occupations,132770,92526.35,70
RHODE ISLAND,40243.65,Maintenance and Cleaning,40059,-184.65,0
RHODE ISLAND,40243.65,Management,123315,83071.35,67
RHODE ISLAND,40243.65,Office and Administrative,46707,6463.35,14
RHODE ISLAND,40243.65,Personal Care and Service,35737,-4506.65,-13
RHODE ISLAND,40243.65,Production Occupations,47072,6828.35,15
RHODE ISLAND,40243.65,Protective Services,47497,7253.35,15
RHODE ISLAND,40243.65,Sales,60028,19784.35,33
RHODE ISLAND,40243.65,Scientific Research,84286,44042.35,52
RHODE ISLAND,40243.65,Social Services,56467,16223.35,29
RHODE ISLAND,40243.65,Technology and Mathematics,97801,57557.35,59
RHODE ISLAND,40243.65,Transportation and Moving,43029,2785.35,6
SOUTH CAROLINA,35566.28,Arts and Media,50720,15153.72,30
SOUTH CAROLINA,35566.28,Business and Financial,66118,30551.72,46
SOUTH CAROLINA,35566.28,Construction,50727,15160.72,30
SOUTH CAROLINA,35566.28,Education,41707,6140.72,15
SOUTH CAROLINA,35566.28,Engineering,80171,44604.72,56
SOUTH CAROLINA,35566.28,Farming and Forestry,34478,-1088.28,-3
SOUTH CAROLINA,35566.28,Food Service,29877,-5689.28,-19
SOUTH CAROLINA,35566.28,Healthcare Practitioners,65916,30349.72,46
SOUTH CAROLINA,35566.28,Healthcare Support,35424,-142.28,0
SOUTH CAROLINA,35566.28,Installation and Repair,50614,15047.72,30
SOUTH CAROLINA,35566.28,Legal Occupations,93627,58060.72,62
SOUTH CAROLINA,35566.28,Maintenance and Cleaning,32632,-2934.28,-9
SOUTH CAROLINA,35566.28,Management,100973,65406.72,65
SOUTH CAROLINA,35566.28,Office and Administrative,39732,4165.72,10
SOUTH CAROLINA,35566.28,Personal Care and Service,31204,-4362.28,-14
SOUTH CAROLINA,35566.28,Production Occupations,43914,8347.72,19
SOUTH CAROLINA,35566.28,Protective Services,39088,3521.72,9
SOUTH CAROLINA,35566.28,Sales,55549,19982.72,36
SOUTH CAROLINA,35566.28,Scientific Research,71420,35853.72,50
SOUTH CAROLINA,35566.28,Social Services,46681,11114.72,24
SOUTH CAROLINA,35566.28,Technology and Mathematics,82902,47335.72,57
SOUTH CAROLINA,35566.28,Transportation and Moving,39520,3953.72,10
SOUTH DAKOTA,36170.1,Arts and Media,45992,9821.9,21
SOUTH DAKOTA,36170.1,Business and Financial,71081,34910.9,49
SOUTH DAKOTA,36170.1,Construction,52040,15869.9,30
SOUTH DAKOTA,36170.1,Education,45115,8944.9,20
SOUTH DAKOTA,36170.1,Engineering,80934,44763.9,55
SOUTH DAKOTA,36170.1,Farming and Forestry,41948,5777.9,14
SOUTH DAKOTA,36170.1,Food Service,29828,-6342.1,-21
SOUTH DAKOTA,36170.1,Healthcare Practitioners,62298,26127.9,42
SOUTH DAKOTA,36170.1,Healthcare Support,36605,434.9,1
SOUTH DAKOTA,36170.1,Installation and Repair,53889,17718.9,33
SOUTH DAKOTA,36170.1,Legal Occupations,76814,40643.9,53
SOUTH DAKOTA,36170.1,Maintenance and Cleaning,34652,-1518.1,-4
SOUTH DAKOTA,36170.1,Management,116122,79951.9,69
SOUTH DAKOTA,36170.1,Office and Administrative,39577,3406.9,9
SOUTH DAKOTA,36170.1,Personal Care and Service,31855,-4315.1,-14
SOUTH DAKOTA,36170.1,Production Occupations,44064,7893.9,18
SOUTH DAKOTA,36170.1,Protective Services,37849,1678.9,4
SOUTH DAKOTA,36170.1,Sales,53225,17054.9,32
SOUTH DAKOTA,36170.1,Scientific Research,60148,23977.9,40
SOUTH DAKOTA,36170.1,Social Services,48725,12554.9,26
SOUTH DAKOTA,36170.1,Technology and Mathematics,77537,41366.9,53
SOUTH DAKOTA,36170.1,Transportation and Moving,39576,3405.9,9
TENNESSEE,34278.99,Arts and Media,48357,14078.01,29
TENNESSEE,34278.99,Business and Financial,64676,30397.01,47
TENNESSEE,34278.99,Construction,50563,16284.01,32
TENNESSEE,34278.99,Education,46609,12330.01,26
TENNESSEE,34278.99,Engineering,76507,42228.01,55
TENNESSEE,34278.99,Farming and Forestry,35871,1592.01,4
TENNESSEE,34278.99,Food Service,29967,-4311.99,-14
TENNESSEE,34278.99,Healthcare Practitioners,64828,30549.01,47
TENNESSEE,34278.99,Healthcare Support,37208,2929.01,8
TENNESSEE,34278.99,Installation and Repair,50551,16272.01,32
TENNESSEE,34278.99,Legal Occupations,98961,64682.01,65
TENNESSEE,34278.99,Maintenance and Cleaning,33919,-359.99,-1
TENNESSEE,34278.99,Management,100243,65964.01,66
TENNESSEE,34278.99,Office and Administrative,41043,6764.01,16
TENNESSEE,34278.99,Personal Care and Service,33168,-1110.99,-3
TENNESSEE,34278.99,Production Occupations,42155,7876.01,19
TENNESSEE,34278.99,Protective Services,40112,5833.01,15
TENNESSEE,34278.99,Sales,53523,19244.01,36
TENNESSEE,34278.99,Scientific Research,68418,34139.01,50
TENNESSEE,34278.99,Social Services,48070,13791.01,29
TENNESSEE,34278.99,Technology and Mathematics,74746,40467.01,54
TENNESSEE,34278.99,Transportation and Moving,40166,5887.01,15
TEXAS,35538.38,Arts and Media,55774,20235.62,36
TEXAS,35538.38,Business and Financial,68437,32898.62,48
TEXAS,35538.38,Construction,52650,17111.62,33
TEXAS,35538.38,Education,50516,14977.62,30
TEXAS,35538.38,Engineering,88326,52787.62,60
TEXAS,35538.38,Farming and Forestry,39233,3694.62,9
TEXAS,35538.38,Food Service,32511,-3027.38,-9
TEXAS,35538.38,Healthcare Practitioners,66638,31099.62,47
TEXAS,35538.38,Healthcare Support,37304,1765.62,5
TEXAS,35538.38,Installation and Repair,51627,16088.62,31
TEXAS,35538.38,Legal Occupations,130037,94498.62,73
TEXAS,35538.38,Maintenance and Cleaning,33326,-2212.38,-7
TEXAS,35538.38,Management,102626,67087.62,65
TEXAS,35538.38,Office and Administrative,41522,5983.62,14
TEXAS,35538.38,Personal Care and Service,34158,-1380.38,-4
TEXAS,35538.38,Production Occupations,43998,8459.62,19
TEXAS,35538.38,Protective Services,44995,9456.62,21
TEXAS,35538.38,Sales,56623,21084.62,37
TEXAS,35538.38,Scientific Research,71944,36405.62,51
TEXAS,35538.38,Social Services,49930,14391.62,29
TEXAS,35538.38,Technology and Mathematics,84690,49151.62,58
TEXAS,35538.38,Transportation and Moving,40312,4773.62,12
UTAH,37419.8,Arts and Media,52989,15569.2,29
UTAH,37419.8,Business and Financial,66759,29339.2,44
UTAH,37419.8,Construction,56989,19569.2,34
UTAH,37419.8,Education,54378,16958.2,31
UTAH,37419.8,Engineering,82403,44983.2,55
UTAH,37419.8,Farming and Forestry,38364,944.2,2
UTAH,37419.8,Food Service,31593,-5826.8,-18
UTAH,37419.8,Healthcare Practitioners,66037,28617.2,43
UTAH,37419.8,Healthcare Support,39971,2551.2,6
UTAH,37419.8,Installation and Repair,56164,18744.2,33
UTAH,37419.8,Legal Occupations,103750,66330.2,64
UTAH,37419.8,Maintenance and Cleaning,34556,-2863.8,-8
UTAH,37419.8,Management,99809,62389.2,63
UTAH,37419.8,Office and Administrative,42009,4589.2,11
UTAH,37419.8,Personal Care and Service,34095,-3324.8,-10
UTAH,37419.8,Production Occupations,46947,9527.2,20
UTAH,37419.8,Protective Services,41832,4412.2,11
UTAH,37419.8,Sales,53960,16540.2,31
UTAH,37419.8,Scientific Research,76680,39260.2,51
UTAH,37419.8,Social Services,53388,15968.2,30
UTAH,37419.8,Technology and Mathematics,88589,51169.2,58
UTAH,37419.8,Transportation and Moving,44038,6618.2,15
VIRGINIA,39570.54,Arts and Media,61299,21728.46,35
VIRGINIA,39570.54,Business and Financial,72193,32622.46,45
VIRGINIA,39570.54,Construction,53498,13927.46,26
VIRGINIA,39570.54,Education,57879,18308.46,32
VIRGINIA,39570.54,Engineering,87360,47789.46,55
VIRGINIA,39570.54,Farming and Forestry,39541,-29.54,0
VIRGINIA,39570.54,Food Service,33781,-5789.54,-17
VIRGINIA,39570.54,Healthcare Practitioners,69855,30284.46,43
VIRGINIA,39570.54,Healthcare Support,38333,-1237.54,-3
VIRGINIA,39570.54,Installation and Repair,55520,15949.46,29
VIRGINIA,39570.54,Legal Occupations,138615,99044.46,71
VIRGINIA,39570.54,Maintenance and Cleaning,35036,-4534.54,-13
VIRGINIA,39570.54,Management,114878,75307.46,66
VIRGINIA,39570.54,Office and Administrative,43153,3582.46,8
VIRGINIA,39570.54,Personal Care and Service,35002,-4568.54,-13
VIRGINIA,39570.54,Production Occupations,46350,6779.46,15
VIRGINIA,39570.54,Protective Services,49675,10104.46,20
VIRGINIA,39570.54,Sales,59880,20309.46,34
VIRGINIA,39570.54,Scientific Research,78966,39395.46,50
VIRGINIA,39570.54,Social Services,61477,21906.46,36
VIRGINIA,39570.54,Technology and Mathematics,89879,50308.46,56
VIRGINIA,39570.54,Transportation and Moving,42523,2952.46,7
VERMONT,42311.45,Arts and Media,55593,13281.55,24
VERMONT,42311.45,Business and Financial,70814,28502.55,40
VERMONT,42311.45,Construction,53487,11175.55,21
VERMONT,42311.45,Education,47980,5668.55,12
VERMONT,42311.45,Engineering,86992,44680.55,51
VERMONT,42311.45,Farming and Forestry,44077,1765.55,4
VERMONT,42311.45,Food Service,36531,-5780.45,-16
VERMONT,42311.45,Healthcare Practitioners,70307,27995.55,40
VERMONT,42311.45,Healthcare Support,44994,2682.55,6
VERMONT,42311.45,Installation and Repair,55948,13636.55,24
VERMONT,42311.45,Legal Occupations,87253,44941.55,52
VERMONT,42311.45,Maintenance and Cleaning,39510,-2801.45,-7
VERMONT,42311.45,Management,96705,54393.55,56
VERMONT,42311.45,Office and Administrative,45625,3313.55,7
VERMONT,42311.45,Personal Care and Service,38972,-3339.45,-9
VERMONT,42311.45,Production Occupations,45462,3150.55,7
VERMONT,42311.45,Protective Services,41922,-389.45,-1
VERMONT,42311.45,Sales,57329,15017.55,26
VERMONT,42311.45,Scientific Research,71553,29241.55,41
VERMONT,42311.45,Social Services,55678,13366.55,24
VERMONT,42311.45,Technology and Mathematics,85005,42693.55,50
VERMONT,42311.45,Transportation and Moving,42145,-166.45,0
WASHINGTON,37888.06,Arts and Media,69295,31406.94,45
WASHINGTON,37888.06,Business and Financial,79384,41495.94,52
WASHINGTON,37888.06,Construction,73222,35333.94,48
WASHINGTON,37888.06,Education,62103,24214.94,39
WASHINGTON,37888.06,Engineering,94110,56221.94,60
WASHINGTON,37888.06,Farming and Forestry,43560,5671.94,13
WASHINGTON,37888.06,Food Service,40414,2525.94,6
WASHINGTON,37888.06,Healthcare Practitioners,84832,46943.94,55
WASHINGTON,37888.06,Healthcare Support,53888,15999.94,30
WASHINGTON,37888.06,Installation and Repair,63734,25845.94,41
WASHINGTON,37888.06,Legal Occupations,132483,94594.94,71
WASHINGTON,37888.06,Maintenance and Cleaning,41381,3492.94,8
WASHINGTON,37888.06,Management,130121,92232.94,71
WASHINGTON,37888.06,Office and Administrative,50614,12725.94,25
WASHINGTON,37888.06,Personal Care and Service,43933,6044.94,14
WASHINGTON,37888.06,Production Occupations,53777,15888.94,30
WASHINGTON,37888.06,Protective Services,49792,11903.94,24
WASHINGTON,37888.06,Sales,65731,27842.94,42
WASHINGTON,37888.06,Scientific Research,84097,46208.94,55
WASHINGTON,37888.06,Social Services,61590,23701.94,38
WASHINGTON,37888.06,Technology and Mathematics,100943,63054.94,62
WASHINGTON,37888.06,Transportation and Moving,51885,13996.94,27
WISCONSIN,35028.6,Arts and Media,55611,20582.4,37
WISCONSIN,35028.6,Business and Financial,67847,32818.4,48
WISCONSIN,35028.6,Construction,60341,25312.4,42
WISCONSIN,35028.6,Education,48247,13218.4,27
WISCONSIN,35028.6,Engineering,81058,46029.4,57
WISCONSIN,35028.6,Farming and Forestry,39935,4906.4,12
WISCONSIN,35028.6,Food Service,31398,-3630.6,-12
WISCONSIN,35028.6,Healthcare Practitioners,68824,33795.4,49
WISCONSIN,35028.6,Healthcare Support,38926,3897.4,10
WISCONSIN,35028.6,Installation and Repair,56101,21072.4,38
WISCONSIN,35028.6,Legal Occupations,109741,74712.4,68
WISCONSIN,35028.6,Maintenance and Cleaning,35728,699.4,2
WISCONSIN,35028.6,Management,110558,75529.4,68
WISCONSIN,35028.6,Office and Administrative,43329,8300.4,19
WISCONSIN,35028.6,Personal Care and Service,33952,-1076.6,-3
WISCONSIN,35028.6,Production Occupations,46501,11472.4,25
WISCONSIN,35028.6,Protective Services,39480,4451.4,11
WISCONSIN,35028.6,Sales,59349,24320.4,41
WISCONSIN,35028.6,Scientific Research,73087,38058.4,52
WISCONSIN,35028.6,Social Services,55112,20083.4,36
WISCONSIN,35028.6,Technology and Mathematics,78317,43288.4,55
WISCONSIN,35028.6,Transportation and Moving,43447,8418.4,19
WEST VIRGINIA,38346.34,Arts and Media,42280,3933.66,9
WEST VIRGINIA,38346.34,Business and Financial,63802,25455.66,40
WEST VIRGINIA,38346.34,Construction,50213,11866.66,24
WEST VIRGINIA,38346.34,Education,43539,5192.66,12
WEST VIRGINIA,38346.34,Engineering,85102,46755.66,55
WEST VIRGINIA,38346.34,Farming and Forestry,34052,-4294.34,-13
WEST VIRGINIA,38346.34,Food Service,28019,-10327.34,-37
WEST VIRGINIA,38346.34,Healthcare Practitioners,58364,20017.66,34
WEST VIRGINIA,38346.34,Healthcare Support,31504,-6842.34,-22
WEST VIRGINIA,38346.34,Installation and Repair,46894,8547.66,18
WEST VIRGINIA,38346.34,Legal Occupations,83395,45048.66,54
WEST VIRGINIA,38346.34,Maintenance and Cleaning,31343,-7003.34,-22
WEST VIRGINIA,38346.34,Management,88297,49950.66,57
WEST VIRGINIA,38346.34,Office and Administrative,37120,-1226.34,-3
WEST VIRGINIA,38346.34,Personal Care and Service,29244,-9102.34,-31
WEST VIRGINIA,38346.34,Production Occupations,44490,6143.66,14
WEST VIRGINIA,38346.34,Protective Services,37732,-614.34,-2
WEST VIRGINIA,38346.34,Sales,42177,3830.66,9
WEST VIRGINIA,38346.34,Scientific Research,69042,30695.66,44
WEST VIRGINIA,38346.34,Social Services,44215,5868.66,13
WEST VIRGINIA,38346.34,Technology and Mathematics,76059,37712.66,50
WEST VIRGINIA,38346.34,Transportation and Moving,37280,-1066.34,-3
WYOMING,39493.03,Arts and Media,53142,13648.97,26
WYOMING,39493.03,Business and Financial,75052,35558.97,47
WYOMING,39493.03,Construction,58594,19100.97,33
WYOMING,39493.03,Education,51522,12028.97,23
WYOMING,39493.03,Engineering,96779,57285.97,59
WYOMING,39493.03,Farming and Forestry,33982,-5511.03,-16
WYOMING,39493.03,Food Service,31373,-8120.03,-26
WYOMING,39493.03,Healthcare Practitioners,65679,26185.97,40
WYOMING,39493.03,Healthcare Support,34694,-4799.03,-14
WYOMING,39493.03,Installation and Repair,57788,18294.97,32
WYOMING,39493.03,Legal Occupations,60809,21315.97,35
WYOMING,39493.03,Maintenance and Cleaning,34776,-4717.03,-14
WYOMING,39493.03,Management,92021,52527.97,57
WYOMING,39493.03,Office and Administrative,41494,2000.97,5
WYOMING,39493.03,Personal Care and Service,32558,-6935.03,-21
WYOMING,39493.03,Production Occupations,53895,14401.97,27
WYOMING,39493.03,Protective Services,36754,-2739.03,-7
WYOMING,39493.03,Sales,48267,8773.97,18
WYOMING,39493.03,Scientific Research,81274,41780.97,51
WYOMING,39493.03,Social Services,51679,12185.97,24
WYOMING,39493.03,Technology and Mathematics,88882,49388.97,56
WYOMING,39493.03,Transportation and Moving,45495,6001.97,13
